Number,Name,FName,Image,Color,RandomN
1,Gonzalez,Travis,img8.jpeg,green,4
2,White,Walter,img0.jpeg,pink,4
3,Martinez,Aaron,img5.jpeg,orange,6
4,Bell,Caleb,img2.jpeg,blue,6
5,Jenkins,Isaac,img0.jpeg,orange,9
6,Rivera,Hector,img2.jpeg,pink,8
7,Perez,Quinn,img2.jpeg,pink,0
8,Brown,Stephen,img5.jpeg,green,8
9,Hayes,Finn,img4.jpeg,brown,7
10,Carter,Oscar,img2.jpeg,green,4
11,Long,Felix,img6.jpeg,yellow,4
12,James,Dante,img2.jpeg,pink,4
13,Bailey,Aaron,img8.jpeg,brown,8
14,Hayes,Benjamin,img2.jpeg,blue,1
15,Nelson,Matthew,img3.jpeg,yellow,3
16,Flores,Kenneth,img3.jpeg,pink,3
17,Adams,Albert,img6.jpeg,green,3
18,Gonzalez,Felix,img9.jpeg,green,4
19,Gonzalez,Tyler,img6.jpeg,orange,9
20,Ortega,Gage,img9.jpeg,orange,5
21,Butler,Hunter,img7.jpeg,pink,4
22,Murphy,Orlando,img5.jpeg,blue,3
23,Gomez,Larry,img8.jpeg,purple,4
24,Taylor,Harold,img1.jpeg,red,4
25,Kim,Felix,img3.jpeg,orange,4
26,Davis,Patrick,img0.jpeg,blue,5
27,Jackson,Zander,img3.jpeg,green,1
28,Perez,Yousef,img4.jpeg,orange,6
29,Gomez,Stephen,img0.jpeg,purple,9
30,Simmons,Brent,img6.jpeg,brown,7
31,Garcia,Wesley,img0.jpeg,red,1
32,Anderson,Robertson,img7.jpeg,brown,5
33,Foster,Michael,img7.jpeg,blue,0
34,James,Samuel,img8.jpeg,pink,4
35,Hayes,Emmett,img5.jpeg,orange,2
36,Harris,Eric,img2.jpeg,brown,2
37,Kim,Eric,img5.jpeg,purple,5
38,Moore,Yousef,img2.jpeg,blue,5
39,Hill,Raymond,img7.jpeg,pink,6
40,Allen,Quinn,img4.jpeg,red,7
41,Allen,Xavier,img4.jpeg,orange,3
42,Taylor,Nathan,img6.jpeg,pink,2
43,Davis,Quentin,img5.jpeg,blue,0
44,Flores,Larry,img4.jpeg,orange,8
45,Ramirez,Matthew,img4.jpeg,orange,3
46,White,Stephen,img6.jpeg,yellow,3
47,Young,Jason,img9.jpeg,green,4
48,Clark,Yousef,img6.jpeg,blue,8
49,Marshall,Gregory,img6.jpeg,blue,3
50,Patel,Adam,img9.jpeg,red,3
51,Cruz,Matthew,img5.jpeg,orange,6
52,Murphy,Ethan,img2.jpeg,pink,3
53,Murphy,Gage,img6.jpeg,yellow,0
54,Hayes,Landon,img2.jpeg,pink,9
55,Murray,Zachary,img1.jpeg,green,0
56,Perry,Ulysses,img5.jpeg,red,6
57,Hernandez,Frederick,img7.jpeg,orange,6
58,Rodriguez,Daniel,img6.jpeg,red,6
59,Johnson,Tyler,img5.jpeg,orange,4
60,Martin,Landon,img3.jpeg,red,0
61,Brown,Yan,img0.jpeg,brown,3
62,Morgan,Wyatt,img8.jpeg,pink,6
63,Clark,Xavier,img1.jpeg,green,6
64,Flores,Davidson,img3.jpeg,green,6
65,Gray,Nash,img4.jpeg,yellow,7
66,Lopez,Ulrich,img0.jpeg,brown,7
67,Kim,John,img9.jpeg,red,4
68,Kelly,Brandon,img8.jpeg,purple,6
69,Simmons,Quinn,img8.jpeg,brown,7
70,Brooks,Robert,img9.jpeg,orange,0
71,Martinez,Mark,img7.jpeg,orange,7
72,White,Kenneth,img5.jpeg,orange,7
73,Garcia,Ian,img2.jpeg,red,6
74,Nelson,Landon,img7.jpeg,purple,8
75,Flores,John,img2.jpeg,yellow,5
76,Marshall,Hector,img8.jpeg,purple,6
77,Diaz,Wesley,img0.jpeg,yellow,5
78,Baker,Felix,img1.jpeg,yellow,6
79,Garcia,Zander,img2.jpeg,purple,4
80,Bell,Jared,img7.jpeg,blue,4
81,Long,Trevor,img0.jpeg,green,8
82,Perez,Gavin,img9.jpeg,red,4
83,Stewart,Patrick,img1.jpeg,brown,3
84,Taylor,Jason,img2.jpeg,green,9
85,Jenkins,Kevin,img9.jpeg,pink,8
86,Martin,Jacob,img7.jpeg,brown,7
87,Martin,Uriel,img5.jpeg,red,5
88,Simmons,David,img6.jpeg,orange,9
89,Brooks,Kevin,img2.jpeg,red,9
90,Garcia,Richard,img3.jpeg,pink,0
91,Moore,Zion,img7.jpeg,purple,4
92,Jenkins,Nolan,img0.jpeg,green,0
93,Davis,Valentino,img8.jpeg,purple,0
94,Anderson,Robertson,img1.jpeg,red,5
95,Lopez,Colin,img1.jpeg,green,8
96,Simmons,Wesley,img6.jpeg,purple,0
97,Stewart,Weston,img6.jpeg,pink,5
98,Jackson,Xerxes,img8.jpeg,blue,2
99,Young,Sebastian,img5.jpeg,blue,7
100,Hill,Colin,img3.jpeg,yellow,4
